customer_id,gender,age,member_tier,member_since
C1000,F,,Gold,2021-12-15
C1001,M,57,Silver,2021-09-28
C1002,,41,Gold,2022-06-25
C1003,F,30,Gold,2022-12-26
C1004,,43,Gold,2024-06-18
C1005,M,52,Silver,2023-10-24
C1006,F,68,Silver,2022-10-26
C1007,F,33,Silver,2021-12-21
C1008,F,45,Silver,2023-11-05
C1009,F,36,Silver,2021-04-09
C1010,F,59,Silver,2021-06-07
C1011,M,19,Gold,2022-12-09
C1012,M,46,Platinum,2024-03-15
C1013,F,30,,2023-12-11
C1014,M,68,Silver,2023-09-12
C1015,F,62,,2022-04-04
C1016,,42,Silver,2023-10-13
C1017,M,24,Gold,2021-09-13
C1018,F,29,Gold,2022-10-26
C1019,M,56,Silver,2022-06-04
C1020,M,39,,2022-03-01
C1021,M,58,Silver,2022-11-20
C1022,F,63,Gold,2022-07-09
C1023,M,24,Silver,2022-10-18
C1024,M,21,Gold,2022-07-10
C1025,F,27,Silver,2021-08-28
C1026,F,50,Silver,2021-07-04
C1027,F,64,Silver,2021-10-28
C1028,M,45,,2021-04-05
C1029,F,65,Gold,2022-07-24
C1030,F,66,Silver,2021-11-15
C1031,M,51,Silver,2024-12-30
C1032,F,19,Silver,2021-01-31
C1033,M,50,Silver,2022-06-23
C1034,F,44,Silver,2024-01-13
C1035,F,22,,2024-06-30
C1036,M,45,Silver,2021-10-19
C1037,M,21,Silver,2022-05-29
C1038,F,35,Silver,2022-10-06
C1039,,,Gold,2022-12-08
C1040,M,22,Platinum,2024-04-27
C1041,F,54,Silver,2024-05-26
C1042,F,36,Silver,2023-07-07
C1043,M,49,Silver,2023-08-11
C1044,M,41,Silver,2021-08-27
C1045,M,38,Silver,2023-07-12
C1046,F,32,,2022-09-25
C1047,F,150,Platinum,2023-03-10
C1048,F,29,,2021-12-28
C1049,F,26,Gold,2021-11-11
C1050,F,58,Silver,2021-10-13
C1051,M,,Gold,2024-04-08
C1052,M,60,,2021-10-17
C1053,F,44,,2021-06-18
C1054,F,54,Silver,2022-01-08
C1055,F,67,Silver,2023-06-16
C1056,F,35,Silver,2023-07-21
C1057,M,40,Silver,2024-10-29
C1058,M,27,Silver,2024-02-08
C1059,M,59,Silver,2021-04-07
C1060,M,22,Silver,2023-01-07
C1061,F,20,,2023-08-16
C1062,F,29,Gold,2022-04-28
C1063,M,18,Platinum,2022-07-09
C1064,M,60,,2024-01-27
C1065,M,24,Silver,2023-05-10
C1066,F,39,Gold,2023-07-02
C1067,M,26,,2023-04-11
C1068,M,49,Gold,2021-12-25
C1069,M,34,Silver,2021-12-25
C1070,M,23,Silver,2023-05-30
C1071,M,42,Gold,2024-04-19
C1072,F,55,Gold,2024-10-02
C1073,F,47,Silver,2023-05-26
C1074,F,,Gold,2023-01-02
C1075,M,60,Gold,2023-07-08
C1076,M,22,,2023-02-10
C1077,F,28,,2022-01-17
C1078,F,65,Silver,2021-08-17
C1079,F,150,Gold,2023-07-19
C1080,M,69,Gold,2021-06-01
C1081,F,32,Gold,2024-03-31
C1082,M,49,Platinum,2023-01-04
C1083,F,150,Platinum,2024-04-20
C1084,M,67,Gold,2024-12-13
C1085,,18,Silver,2022-03-23
C1086,M,35,Silver,2022-06-15
C1087,M,29,Platinum,2021-01-11
C1088,M,33,Silver,2024-12-14
C1089,F,66,Silver,2023-09-09
C1090,M,56,Silver,2023-05-30
C1091,F,60,Silver,2023-10-20
C1092,M,34,Gold,2023-06-25
C1093,M,48,Silver,2022-05-02
C1094,M,27,Silver,2024-06-11
C1095,F,59,Gold,2021-09-10
C1096,F,19,,2024-02-11
C1097,M,29,Silver,2024-04-03
C1098,F,56,Silver,2021-12-21
C1099,M,28,Silver,2025-01-01
C1100,M,61,,2022-09-16
C1101,F,47,Silver,2023-07-12
C1102,F,40,Gold,2022-02-01
C1103,M,60,,2022-07-26
C1104,M,50,Gold,2023-04-11
C1105,F,46,Silver,2023-10-16
C1106,F,,,2021-01-10
C1107,F,54,Gold,2022-10-24
C1108,M,,Gold,2023-11-06
C1109,F,69,Platinum,2022-05-18
C1110,M,43,Gold,2023-02-04
C1111,M,20,Silver,2022-02-09
C1112,,50,Silver,2023-07-06
C1113,,65,Silver,2022-11-29
C1114,M,51,Gold,2023-08-26
C1115,,57,,2022-03-01
C1116,F,35,Silver,2024-01-17
C1117,F,29,Silver,2023-05-30
C1118,M,53,,2024-11-01
C1119,F,55,Silver,2021-04-20
C1120,F,41,Platinum,2022-05-27
C1121,F,19,Silver,2024-05-31
C1122,F,50,Silver,2023-12-11
C1123,F,68,Silver,2022-03-08
C1124,F,36,Silver,2021-12-12
C1125,F,62,,2022-12-11
C1126,F,66,Silver,2021-01-02
C1127,,51,,2024-06-05
C1128,M,55,Silver,2022-09-03
C1129,F,65,Platinum,2021-02-10
C1130,F,62,Gold,2021-08-24
C1131,F,40,Silver,2021-09-29
C1132,F,20,Platinum,2021-10-28
C1133,M,31,Platinum,2024-03-09
C1134,F,41,,2022-12-16
C1135,F,67,Silver,2023-10-04
C1136,M,27,Silver,2024-11-20
C1137,F,68,Gold,2021-11-28
C1138,F,21,Silver,2023-12-22
C1139,M,67,Silver,2023-10-13
C1140,M,49,Silver,2023-05-10
C1141,,49,Gold,2023-10-09
C1142,M,27,Platinum,2024-06-14
C1143,M,34,,2023-07-03
C1144,M,49,Silver,2024-10-23
C1145,F,37,,2021-08-29
C1146,F,48,Gold,2023-04-28
C1147,M,66,,2022-12-31
C1148,F,55,Silver,2024-04-30
C1149,F,,Silver,2022-09-11
C1150,M,150,Silver,2022-09-15
C1151,F,54,Gold,2021-02-20
C1152,F,45,Silver,2024-03-23
C1153,M,32,Silver,2021-12-05
C1154,,46,Silver,2022-04-22
C1155,M,26,Platinum,2021-08-31
C1156,M,68,Gold,2024-11-08
C1157,F,25,Silver,2021-10-21
C1158,F,25,Silver,2023-03-24
C1159,M,24,,2021-05-01
C1160,F,28,,2022-05-30
C1161,,18,Gold,2022-05-12
C1162,F,33,Gold,2022-10-19
C1163,F,31,Silver,2023-09-24
C1164,F,46,Silver,2021-07-04
C1165,M,21,Silver,2021-06-17
C1166,F,56,Gold,2021-01-09
C1167,M,57,Silver,2023-11-23
C1168,M,41,Gold,2021-03-30
C1169,M,55,Platinum,2023-12-22
C1170,F,67,Silver,2024-09-23
C1171,M,45,Gold,2023-09-10
C1172,M,43,Silver,2021-07-04
C1173,M,23,Silver,2024-09-20
C1174,,25,Silver,2024-02-10
C1175,,56,Silver,2022-11-03
C1176,F,61,Platinum,2023-02-07
C1177,F,21,Silver,2022-03-19
C1178,F,56,Gold,2022-05-10
C1179,M,61,Gold,2024-02-13
C1180,M,27,Silver,2024-03-08
C1181,F,23,Silver,2023-04-02
C1182,F,42,Silver,2021-06-02
C1183,F,59,Silver,2023-08-08
C1184,F,58,,2024-09-13
C1185,,22,Gold,2024-10-19
C1186,F,22,,2024-12-01
C1187,,31,Gold,2022-09-23
C1188,M,30,Silver,2024-02-15
C1189,M,26,Silver,2023-05-27
C1190,F,56,Silver,2022-07-31
C1191,F,56,Silver,2022-10-19
C1192,M,50,Silver,2023-04-05
C1193,M,29,Silver,2024-06-11
C1194,M,62,Silver,2023-11-26
C1195,M,45,Silver,2024-12-04
C1196,F,52,Silver,2022-08-03
C1197,F,62,Silver,2021-06-07
C1198,F,64,Gold,2024-05-29
C1199,F,36,Silver,2021-10-08
C1200,M,48,Silver,2023-03-12
C1201,,150,,2023-09-23
C1202,M,150,Silver,2024-02-11
C1203,M,25,Silver,2022-11-08
C1204,F,39,Silver,2024-03-14
C1205,F,68,Silver,2023-04-22
C1206,M,54,,2021-03-21
C1207,M,52,Silver,2024-11-27
C1208,M,37,Silver,2023-04-22
C1209,M,48,Gold,2021-07-13
C1210,M,52,,2023-10-10
C1211,F,23,Silver,2024-12-03
C1212,F,47,Silver,2023-09-28
C1213,F,55,Gold,2024-01-31
C1214,M,55,,2023-08-08
C1215,M,31,Gold,2024-10-10
C1216,M,42,,2021-03-13
C1217,M,51,Silver,2021-01-23
C1218,F,46,Platinum,2021-01-02
C1219,M,56,Gold,2021-11-22
C1220,F,62,Gold,2023-03-02
C1221,F,23,,2023-09-15
C1222,M,69,Silver,2022-09-04
C1223,M,62,Silver,2022-06-06
C1224,M,18,,2022-01-10
C1225,F,38,Silver,2022-02-13
C1226,F,60,Gold,2022-02-05
C1227,M,67,Silver,2023-02-17
C1228,M,23,Silver,2024-04-03
C1229,F,150,Silver,2023-09-13
C1230,M,27,Silver,2023-05-31
C1231,F,41,Silver,2024-11-30
C1232,F,67,Silver,2021-10-01
C1233,F,56,Gold,2023-01-15
C1234,M,23,Silver,2021-02-14
C1235,M,19,Silver,2024-07-17
C1236,M,31,Gold,2021-03-16
C1237,M,,,2023-05-06
C1238,F,41,,2022-03-23
C1239,M,38,Silver,2024-03-30
C1240,M,46,Silver,2022-10-18
C1241,F,30,Gold,2023-03-18
C1242,F,,Silver,2024-08-02
C1243,F,48,Silver,2022-05-01
C1244,F,26,Silver,2022-11-26
C1245,F,26,Gold,2022-10-02
C1246,F,45,,2021-02-06
C1247,F,54,Silver,2021-02-18
C1248,M,30,Silver,2021-05-07
C1249,F,25,Gold,2021-03-01
C1250,M,27,Platinum,2024-09-28
C1251,M,45,Silver,2023-02-11
C1252,M,58,Silver,2024-11-02
C1253,M,33,,2021-05-31
C1254,M,29,Gold,2024-04-01
C1255,,60,Silver,2024-11-17
C1256,M,24,Gold,2023-04-22
C1257,M,51,Silver,2022-10-12
C1258,M,61,Silver,2024-12-12
C1259,,58,Platinum,2021-03-02
C1260,M,47,Silver,2022-12-20
C1261,M,38,,2023-11-03
C1262,F,52,Silver,2023-01-13
C1263,M,51,Silver,2024-11-07
C1264,F,53,Silver,2024-11-25
C1265,M,26,,2021-03-23
C1266,M,30,Silver,2021-08-08
C1267,M,60,Silver,2022-12-21
C1268,M,48,Gold,2021-07-19
C1269,F,54,,2022-02-20
C1270,M,67,Gold,2024-10-13
C1271,F,64,Gold,2022-08-29
C1272,M,59,Gold,2024-04-12
C1273,M,47,Gold,2022-11-23
C1274,F,54,Silver,2021-07-21
C1275,F,63,Silver,2021-12-08
C1276,F,46,Silver,2022-07-02
C1277,,20,Silver,2022-04-15
C1278,F,24,,2021-07-25
C1279,M,49,Silver,2022-04-10
C1280,M,41,Gold,2021-09-17
C1281,,49,Gold,2023-04-06
C1282,F,21,Silver,2024-03-20
C1283,M,49,Silver,2024-06-17
C1284,F,25,Gold,2023-11-04
C1285,M,24,Silver,2023-02-19
C1286,F,52,Platinum,2021-06-05
C1287,M,150,,2023-04-17
C1288,,46,Silver,2022-09-08
C1289,M,33,Gold,2023-04-17
C1290,F,22,Silver,2022-05-02
C1291,M,68,,2021-03-15
C1292,F,36,Silver,2021-01-09
C1293,M,55,,2024-10-05
C1294,M,22,Silver,2024-01-11
C1295,M,,,2022-08-01
C1296,F,23,Platinum,2022-09-05
C1297,F,67,Platinum,2022-04-08
C1298,M,53,Silver,2022-12-10
C1299,M,38,,2023-05-05
C1300,F,32,Silver,2024-04-03
C1301,,30,Silver,2021-08-31
C1302,F,55,Silver,2024-01-05
C1303,M,150,Platinum,2021-04-19
C1304,M,40,Silver,2021-08-27
C1305,M,69,,2022-04-28
C1306,M,58,,2022-01-10
C1307,M,29,Silver,2023-04-29
C1308,F,35,Gold,2021-04-04
C1309,F,53,,2021-02-22
C1310,F,55,Gold,2023-01-24
C1311,F,27,Platinum,2023-02-07
C1312,M,65,Platinum,2024-12-17
C1313,F,44,Silver,2024-10-05
C1314,,20,Silver,2021-07-12
C1315,F,33,,2022-10-05
C1316,M,45,Gold,2024-08-07
C1317,M,54,Silver,2023-10-15
C1318,F,56,Silver,2023-07-10
C1319,F,39,Silver,2024-04-27
C1320,F,46,Gold,2023-03-10
C1321,F,63,Silver,2023-12-04
C1322,F,27,Platinum,2023-09-26
C1323,M,30,,2021-11-15
C1324,M,48,Gold,2021-03-30
C1325,M,53,Silver,2024-01-06
C1326,,69,Silver,2024-11-16
C1327,F,34,Silver,2021-07-21
C1328,M,32,Gold,2023-07-03
C1329,F,50,Platinum,2022-02-26
C1330,F,65,Gold,2024-01-26
C1331,F,69,Gold,2023-02-27
C1332,F,46,,2023-10-02
C1333,M,45,Silver,2022-07-20
C1334,M,64,Silver,2021-06-28
C1335,F,46,Silver,2021-01-22
C1336,M,61,Gold,2021-01-28
C1337,F,38,Gold,2023-02-03
C1338,M,24,,2024-08-28
C1339,M,29,Platinum,2024-01-09
C1340,M,63,Gold,2024-11-20
C1341,F,49,Platinum,2023-04-04
C1342,M,,,2022-10-02
C1343,F,41,Silver,2022-04-22
C1344,F,64,Silver,2024-09-30
C1345,M,37,Gold,2023-03-11
C1346,M,21,Gold,2024-10-26
C1347,M,49,Platinum,2022-06-08
C1348,M,20,,2023-05-05
C1349,M,43,Silver,2021-03-05
C1350,M,27,,2024-10-20
C1351,M,49,Gold,2024-05-08
C1352,M,65,Gold,2023-04-30
C1353,F,30,Gold,2022-05-14
C1354,F,42,Silver,2023-09-04
C1355,F,69,Silver,2023-12-24
C1356,F,24,Silver,2022-01-20
C1357,F,47,Silver,2023-04-29
C1358,F,38,,2023-05-22
C1359,M,37,Silver,2024-09-06
C1360,M,47,,2022-06-02
C1361,M,48,,2023-08-19
C1362,M,21,Platinum,2024-09-30
C1363,M,52,Gold,2021-06-16
C1364,F,43,Silver,2021-02-07
C1365,F,29,Platinum,2023-11-01
C1366,M,40,,2022-04-04
C1367,F,36,Silver,2021-11-20
C1368,,66,Silver,2021-06-07
C1369,F,42,Silver,2022-05-07
C1370,F,62,Platinum,2021-12-09
C1371,M,69,Silver,2024-07-27
C1372,M,26,Silver,2022-06-08
C1373,F,64,Gold,2024-08-02
C1374,F,28,,2024-08-02
C1375,F,22,Silver,2023-06-14
C1376,M,37,Silver,2021-06-21
C1377,M,,,2023-05-06
C1378,F,44,Gold,2024-06-19
C1379,M,18,,2022-06-08
C1380,F,28,Gold,2021-01-03
C1381,M,46,Silver,2023-05-10
C1382,M,56,Gold,2022-04-13
C1383,F,32,Platinum,2024-07-03
C1384,M,32,Gold,2021-12-04
C1385,M,66,Gold,2021-11-05
C1386,M,49,Gold,2023-08-07
C1387,M,22,,2022-10-07
C1388,M,28,Silver,2023-11-10
C1389,M,27,Silver,2023-09-22
C1390,M,21,Silver,2023-03-14
C1391,M,56,Silver,2023-10-17
C1392,,66,,2022-12-02
C1393,F,54,Silver,2021-06-16
C1394,M,18,Gold,2022-02-28
C1395,M,68,,2024-11-03
C1396,F,36,,2021-06-19
C1397,M,63,Gold,2023-02-26
C1398,F,42,Gold,2023-01-19
C1399,M,52,Gold,2021-10-08
C1400,F,53,Silver,2021-10-27
C1401,M,54,,2023-10-14
C1402,F,18,Platinum,2024-04-30
C1403,F,42,Silver,2021-09-01
C1404,M,56,Gold,2021-05-05
C1405,M,47,Silver,2023-03-28
C1406,F,53,Gold,2023-11-15
C1407,M,28,Platinum,2022-11-02
C1408,M,48,,2022-09-14
C1409,M,66,Gold,2022-01-20
C1410,F,150,Platinum,2023-08-18
C1411,F,22,Gold,2023-04-10
C1412,M,24,Silver,2023-07-23
C1413,F,54,Silver,2021-05-14
C1414,F,38,Silver,2022-11-05
C1415,F,,Silver,2024-10-13
C1416,,69,Gold,2021-02-20
C1417,F,19,Gold,2022-07-10
C1418,F,56,Silver,2022-09-30
C1419,F,60,Silver,2022-11-19
C1420,F,69,,2022-01-25
C1421,M,66,Silver,2023-08-08
C1422,F,50,Gold,2022-11-03
C1423,M,,Gold,2022-08-31
C1424,M,55,Silver,2021-02-19
C1425,F,26,Gold,2021-03-16
C1426,M,68,Silver,2023-05-10
C1427,M,64,Silver,2021-05-20
C1428,F,50,Gold,2022-08-26
C1429,F,47,,2023-01-23
C1430,F,24,Silver,2021-05-23
C1431,M,52,Gold,2024-09-21
C1432,M,19,,2022-02-04
C1433,F,47,Silver,2024-07-17
C1434,F,61,Gold,2021-01-02
C1435,F,57,Silver,2023-05-15
C1436,F,50,Platinum,2021-08-12
C1437,F,65,,2022-07-02
C1438,F,36,Silver,2023-03-19
C1439,F,52,Silver,2024-08-22
C1440,F,21,Gold,2024-11-20
C1441,M,34,Silver,2021-09-04
C1442,M,36,,2023-01-19
C1443,M,24,Silver,2023-06-03
C1444,F,34,Silver,2021-02-05
C1445,F,52,Platinum,2024-04-08
C1446,M,63,Gold,2022-04-14
C1447,F,24,Gold,2022-06-12
C1448,M,39,Silver,2021-11-27
C1449,F,47,Platinum,2023-04-28
C1450,M,28,,2023-11-25
C1451,F,35,Silver,2021-09-02
C1452,M,56,Silver,2023-03-13
C1453,M,35,Silver,2021-12-27
C1454,M,,Platinum,2024-04-08
C1455,M,55,Silver,2024-03-18
C1456,F,49,Silver,2023-07-27
C1457,M,25,,2021-01-20
C1458,M,53,Gold,2023-06-12
C1459,F,21,Gold,2021-01-10
C1460,M,40,Silver,2024-12-24
C1461,F,39,,2023-10-30
C1462,M,40,Silver,2022-10-16
C1463,M,41,Silver,2021-08-27
C1464,M,63,,2023-09-06
C1465,,49,Gold,2021-06-13
C1466,F,34,Silver,2021-10-16
C1467,M,51,Silver,2023-12-21
C1468,M,46,Platinum,2022-06-29
C1469,F,69,Silver,2024-10-14
C1470,F,21,,2024-04-03
C1471,F,34,Silver,2024-07-08
C1472,F,48,,2024-05-03
C1473,F,30,Silver,2024-01-23
C1474,M,37,Silver,2022-10-01
C1475,,22,Silver,2023-03-16
C1476,F,60,Platinum,2023-07-29
C1477,M,46,Silver,2023-12-21
C1478,M,63,Platinum,2024-12-05
C1479,M,38,Silver,2024-09-12
C1480,M,32,Gold,2021-08-30
C1481,F,50,,2021-08-13
C1482,M,,Silver,2021-04-20
C1483,M,41,Silver,2021-09-18
C1484,M,60,Silver,2021-06-27
C1485,M,32,Platinum,2024-12-15
C1486,M,46,Gold,2024-07-06
C1487,M,59,Gold,2022-02-23
C1488,M,38,Silver,2021-04-17
C1489,M,24,Gold,2023-02-04
C1490,M,21,Gold,2023-02-27
C1491,,24,Silver,2023-09-30
C1492,M,55,Platinum,2024-06-27
C1493,M,69,Silver,2023-12-16
C1494,M,49,Gold,2022-03-21
C1495,F,48,,2021-11-05
C1496,M,38,Gold,2021-02-26
C1497,M,53,Silver,2022-10-04
C1498,F,54,Silver,2022-08-17
C1499,F,43,Gold,2021-03-20
C1500,M,61,Platinum,2023-09-17
C1501,M,51,Silver,2021-06-19
C1502,F,27,Silver,2023-09-03
C1503,M,61,Silver,2023-11-05
C1504,M,31,Silver,2024-03-16
C1505,F,33,Gold,2023-08-18
C1506,M,24,Silver,2021-01-22
C1507,F,50,Silver,2021-07-03
C1508,F,44,Silver,2024-04-09
C1509,M,63,Silver,2022-04-05
C1510,,62,Silver,2022-10-12
C1511,F,55,Silver,2024-04-18
C1512,F,22,Gold,2023-09-17
C1513,M,36,,2023-12-13
C1514,M,33,Gold,2021-09-20
C1515,F,55,Silver,2024-04-13
C1516,M,52,Gold,2022-02-16
C1517,,52,,2021-06-25
C1518,M,45,Silver,2023-02-06
C1519,M,64,Gold,2022-12-06
C1520,M,32,Silver,2021-05-26
C1521,F,69,Silver,2023-02-10
C1522,F,61,,2021-08-21
C1523,M,62,Gold,2022-01-30
C1524,M,38,Gold,2022-11-13
C1525,M,62,Silver,2022-08-24
C1526,F,22,Gold,2024-01-17
C1527,,42,Silver,2021-04-04
C1528,M,20,Silver,2021-12-25
C1529,F,60,Silver,2024-11-20
C1530,F,28,,2023-02-11
C1531,F,54,Gold,2023-12-06
C1532,F,22,Gold,2024-09-16
C1533,M,47,Silver,2021-10-18
C1534,F,18,Gold,2023-07-14
C1535,M,45,,2022-02-23
C1536,M,45,,2021-02-14
C1537,M,31,Gold,2023-04-23
C1538,F,35,Silver,2023-09-26
C1539,F,29,,2022-12-31
C1540,M,46,Gold,2024-12-21
C1541,M,61,Gold,2023-05-26
C1542,F,32,Silver,2024-09-16
C1543,F,62,Platinum,2021-05-26
C1544,M,30,Silver,2021-09-15
C1545,F,57,Silver,2022-05-08
C1546,F,64,Silver,2023-10-02
C1547,M,24,,2024-02-18
C1548,M,21,Silver,2024-03-26
C1549,M,50,,2021-08-31
C1550,F,33,Silver,2023-03-19
C1551,M,51,Silver,2022-12-10
C1552,,21,Gold,2023-11-23
C1553,M,49,Silver,2022-12-10
C1554,M,150,Platinum,2022-06-03
C1555,M,32,Gold,2024-05-08
C1556,M,51,Gold,2023-02-24
C1557,M,63,Silver,2024-12-22
C1558,M,37,,2021-06-12
C1559,M,28,Platinum,2021-12-25
C1560,M,65,Gold,2023-07-14
C1561,F,53,Silver,2024-04-27
C1562,M,,Platinum,2023-06-28
C1563,F,38,Silver,2021-02-22
C1564,F,19,Silver,2022-08-19
C1565,F,67,Silver,2021-06-24
C1566,F,38,Silver,2024-05-07
C1567,F,56,Gold,2023-12-14
C1568,M,63,Platinum,2023-04-14
C1569,M,65,Silver,2022-11-09
C1570,M,68,Silver,2021-06-04
C1571,M,35,Silver,2024-02-15
C1572,M,62,Silver,2023-07-20
C1573,F,49,Silver,2021-11-01
C1574,F,45,Silver,2024-11-21
C1575,F,28,Silver,2022-06-18
C1576,,39,Gold,2021-08-24
C1577,M,65,Gold,2022-08-06
C1578,F,50,Silver,2022-06-05
C1579,F,28,Silver,2023-08-31
C1580,F,33,Silver,2023-12-31
C1581,F,64,Gold,2023-07-17
C1582,M,29,Gold,2021-08-16
C1583,F,19,Silver,2022-11-04
C1584,F,53,Gold,2021-02-27
C1585,M,35,Gold,2021-10-16
C1586,F,49,Silver,2022-02-18
C1587,F,45,Silver,2024-05-27
C1588,F,30,Gold,2023-01-24
C1589,M,60,Silver,2023-10-16
C1590,M,69,Silver,2023-02-12
C1591,F,27,Silver,2023-03-30
C1592,,44,Gold,2022-12-06
C1593,F,54,Gold,2023-07-19
C1594,M,28,Silver,2023-03-21
C1595,F,28,Silver,2022-12-01
C1596,F,67,,2022-01-25
C1597,M,28,Silver,2021-02-23
C1598,F,18,Platinum,2023-06-22
C1599,M,63,Silver,2021-03-04
C1600,F,69,Gold,2024-03-03
C1601,F,40,,2024-07-23
C1602,F,35,Silver,2024-07-23
C1603,M,23,,2023-09-12
C1604,M,20,Silver,2023-11-24
C1605,M,,Silver,2022-11-04
C1606,F,35,,2023-06-04
C1607,M,44,Gold,2024-11-01
C1608,F,46,Gold,2022-03-22
C1609,F,41,Silver,2024-05-28
C1610,M,67,Gold,2022-05-06
C1611,M,45,Gold,2021-03-19
C1612,M,65,Platinum,2022-05-11
C1613,F,63,Silver,2024-03-31
C1614,F,38,Silver,2024-03-24
C1615,F,53,Platinum,2022-05-08
C1616,M,21,Platinum,2022-11-21
C1617,M,67,Gold,2021-06-13
C1618,M,64,Silver,2024-02-16
C1619,M,43,Gold,2024-09-15
C1620,F,39,Silver,2024-02-25
C1621,M,39,Gold,2021-08-08
C1622,F,22,Platinum,2024-06-05
C1623,F,48,Gold,2022-09-03
C1624,F,34,Silver,2023-10-28
C1625,F,18,Platinum,2022-02-06
C1626,F,47,Platinum,2021-02-28
C1627,M,38,Silver,2023-02-27
C1628,F,24,Silver,2023-08-08
C1629,M,55,Gold,2023-07-18
C1630,F,27,Silver,2021-08-04
C1631,M,43,Silver,2024-02-17
C1632,F,51,Silver,2023-05-24
C1633,,27,Silver,2023-12-05
C1634,M,60,,2022-06-02
C1635,F,44,Silver,2023-08-28
C1636,F,28,,2024-12-22
C1637,M,36,Platinum,2022-08-11
C1638,,42,Platinum,2022-04-05
C1639,F,43,Silver,2021-11-11
C1640,F,42,Silver,2022-08-02
C1641,F,46,Gold,2022-10-13
C1642,M,61,Silver,2022-07-31
C1643,M,44,Silver,2023-04-27
C1644,F,58,Silver,2023-04-26
C1645,M,38,Silver,2023-12-02
C1646,M,56,Silver,2021-02-23
C1647,F,39,Silver,2022-12-10
C1648,M,24,Silver,2022-01-15
C1649,M,38,Platinum,2024-02-02
C1650,M,47,Platinum,2022-09-18
C1651,M,26,Gold,2024-12-31
C1652,F,46,Gold,2024-03-31
C1653,M,35,,2021-01-11
C1654,F,,Silver,2024-05-16
C1655,F,57,Silver,2021-12-03
C1656,F,67,Gold,2023-11-01
C1657,F,58,Silver,2021-11-25
C1658,F,47,Silver,2024-07-23
C1659,M,30,Platinum,2021-11-17
C1660,F,40,Gold,2022-06-11
C1661,F,54,Silver,2022-09-22
C1662,,24,Silver,2024-03-09
C1663,F,21,Silver,2024-11-27
C1664,M,18,Silver,2022-07-14
C1665,M,27,Silver,2023-01-06
C1666,M,55,Gold,2023-06-14
C1667,F,21,Silver,2023-07-18
C1668,M,33,,2021-08-10
C1669,M,23,,2022-10-14
C1670,M,40,Silver,2021-12-03
C1671,F,50,,2024-11-09
C1672,M,19,Silver,2024-02-11
C1673,F,67,Platinum,2023-09-06
C1674,F,150,Silver,2022-11-22
C1675,F,57,,2024-08-10
C1676,F,28,,2022-03-21
C1677,M,65,Silver,2023-04-20
C1678,M,27,Gold,2022-11-17
C1679,M,56,Silver,2021-04-26
C1680,M,55,Gold,2024-05-31
C1681,M,68,Gold,2024-10-13
C1682,F,57,Silver,2021-07-09
C1683,F,65,Silver,2023-01-10
C1684,F,41,Silver,2022-04-27
C1685,F,41,,2024-08-17
C1686,M,62,Gold,2022-06-10
C1687,M,30,,2022-03-20
C1688,M,50,Gold,2024-09-13
C1689,M,66,Silver,2022-04-07
C1690,F,33,Gold,2022-07-06
C1691,M,69,Gold,2023-09-15
C1692,F,59,Gold,2024-10-28
C1693,M,31,Silver,2021-08-26
C1694,F,,Gold,2022-01-06
C1695,F,18,Silver,2022-06-18
C1696,F,35,Gold,2022-07-30
C1697,M,62,Silver,2024-01-10
C1698,M,57,Gold,2024-03-25
C1699,,65,Gold,2022-08-08
C1700,,47,Gold,2021-06-24
C1701,,59,Platinum,2021-03-08
C1702,,44,Gold,2023-04-24
C1703,F,54,Gold,2022-10-18
C1704,F,19,Silver,2023-10-01
C1705,F,42,Platinum,2021-01-01
C1706,M,40,,2021-01-15
C1707,F,61,Silver,2021-06-07
C1708,M,28,Gold,2021-10-24
C1709,M,37,Silver,2022-04-07
C1710,F,19,Silver,2021-01-05
C1711,M,39,Gold,2024-04-22
C1712,F,33,,2024-05-07
C1713,M,53,Silver,2023-08-01
C1714,F,54,Silver,2024-09-24
C1715,F,65,Gold,2024-01-22
C1716,M,29,,2022-05-21
C1717,M,25,Silver,2024-01-02
C1718,M,27,Gold,2021-03-13
C1719,F,57,,2023-08-01
C1720,F,39,Silver,2023-06-05
C1721,,47,Gold,2023-05-18
C1722,M,57,Gold,2022-11-14
C1723,M,,Silver,2021-10-02
C1724,M,50,Silver,2022-12-20
C1725,M,30,Gold,2023-09-06
C1726,F,47,Platinum,2022-04-09
C1727,F,48,Platinum,2021-02-07
C1728,F,42,,2022-01-13
C1729,M,40,Gold,2024-05-25
C1730,F,47,Gold,2024-08-05
C1731,M,18,Platinum,2021-05-28
C1732,F,19,Platinum,2024-07-08
C1733,M,39,Silver,2022-03-05
C1734,M,45,,2024-02-25
C1735,M,21,Silver,2022-05-16
C1736,M,66,,2024-04-29
C1737,F,23,Silver,2022-12-19
C1738,F,67,Silver,2023-02-22
C1739,,62,Silver,2021-05-18
C1740,F,23,Gold,2023-01-10
C1741,F,43,,2021-07-01
C1742,M,62,Gold,2022-01-09
C1743,M,59,Silver,2022-07-09
C1744,F,30,Silver,2022-02-11
C1745,M,40,Silver,2022-10-27
C1746,M,28,,2021-03-09
C1747,,51,Silver,2024-12-16
C1748,F,49,Silver,2024-05-19
C1749,F,44,Platinum,2021-04-22
C1750,F,,,2021-06-02
C1751,F,32,Silver,2021-07-08
C1752,M,30,Silver,2022-06-30
C1753,M,35,Silver,2022-01-19
C1754,M,,Gold,2021-01-15
C1755,M,47,Silver,2024-09-22
C1756,M,30,Silver,2021-04-05
C1757,F,38,,2021-05-17
C1758,F,59,Silver,2022-02-12
C1759,M,33,Silver,2023-06-20
C1760,F,56,,2021-12-18
C1761,M,65,,2024-01-22
C1762,M,18,,2023-05-25
C1763,M,35,Silver,2022-02-25
C1764,F,21,Silver,2023-08-19
C1765,M,54,,2021-12-15
C1766,M,32,Gold,2023-12-31
C1767,M,30,Silver,2023-03-14
C1768,M,28,Gold,2022-09-09
C1769,F,62,Silver,2021-07-14
C1770,M,49,Gold,2024-03-10
C1771,F,50,Gold,2023-06-28
C1772,F,37,Silver,2021-12-01
C1773,F,64,Silver,2021-12-29
C1774,F,,Silver,2023-08-18
C1775,F,43,Silver,2022-05-15
C1776,M,47,Silver,2022-07-26
C1777,F,62,Platinum,2024-10-26
C1778,M,65,Gold,2024-09-07
C1779,F,67,Silver,2022-08-09
C1780,F,28,Platinum,2024-06-11
C1781,M,26,Silver,2024-07-27
C1782,F,37,Silver,2022-06-25
C1783,M,18,Silver,2022-03-13
C1784,M,60,Gold,2021-07-18
C1785,F,33,Silver,2022-12-19
C1786,M,69,,2024-04-13
C1787,M,23,,2022-12-10
C1788,M,19,Silver,2022-12-09
C1789,,67,Platinum,2024-07-26
C1790,M,40,Platinum,2024-11-09
C1791,M,53,Silver,2024-06-26
C1792,M,47,Platinum,2021-10-11
C1793,M,24,Gold,2021-11-26
C1794,,150,Gold,2022-07-24
C1795,F,65,Silver,2024-06-07
C1796,M,30,Silver,2021-06-14
C1797,F,150,Silver,2024-08-31
C1798,M,54,Gold,2024-02-03
C1799,M,24,Gold,2022-09-04
C1800,M,42,Silver,2022-05-07
C1801,M,150,Silver,2023-08-10
C1802,M,63,Silver,2022-11-03
C1803,M,18,Gold,2021-05-27
C1804,F,62,,2024-10-24
C1805,F,44,Gold,2022-10-01
C1806,M,33,Gold,2023-12-13
C1807,M,30,Silver,2023-11-14
C1808,M,61,Silver,2024-12-03
C1809,F,48,,2022-09-02
C1810,F,68,Gold,2022-12-19
C1811,M,49,Silver,2024-05-21
C1812,F,26,Gold,2022-09-24
C1813,F,35,Platinum,2023-09-17
C1814,M,31,Platinum,2022-08-16
C1815,F,41,,2024-09-27
C1816,F,40,Silver,2022-09-10
C1817,M,41,Gold,2024-06-09
C1818,M,40,Silver,2021-02-03
C1819,F,55,Silver,2021-01-30
C1820,F,23,Gold,2021-11-29
C1821,M,48,Gold,2021-12-16
C1822,M,25,Gold,2021-05-08
C1823,M,48,Silver,2021-10-01
C1824,M,51,Gold,2023-01-26
C1825,M,57,Silver,2024-07-13
C1826,M,39,Silver,2023-08-01
C1827,M,19,Silver,2024-12-16
C1828,F,36,,2022-08-23
C1829,M,59,Platinum,2023-05-11
C1830,F,65,Platinum,2024-01-30
C1831,M,47,,2021-11-25
C1832,F,33,Silver,2022-08-06
C1833,,27,Silver,2021-01-06
C1834,F,57,,2024-12-02
C1835,M,25,Silver,2023-06-21
C1836,F,150,,2024-02-28
C1837,M,55,Silver,2022-12-03
C1838,F,57,Silver,2021-04-18
C1839,M,58,,2022-05-30
C1840,F,48,Gold,2022-02-14
C1841,F,47,Silver,2023-12-04
C1842,F,47,Gold,2022-03-24
C1843,,25,,2023-05-23
C1844,F,24,,2021-09-28
C1845,M,61,Gold,2024-02-27
C1846,F,24,,2023-12-25
C1847,F,39,Silver,2023-03-02
C1848,M,41,,2023-05-15
C1849,M,31,Silver,2024-07-23
C1850,M,18,Gold,2024-03-21
C1851,F,43,,2021-09-02
C1852,F,32,Gold,2021-03-12
C1853,M,64,Silver,2022-02-14
C1854,F,44,Silver,2021-04-05
C1855,F,49,Gold,2022-02-23
C1856,M,58,Silver,2022-02-08
C1857,F,62,,2022-09-24
C1858,F,49,Gold,2024-05-15
C1859,M,55,Gold,2021-03-29
C1860,,18,,2021-11-08
C1861,M,57,Silver,2023-04-23
C1862,F,48,Platinum,2022-12-02
C1863,M,51,Gold,2022-11-01
C1864,F,26,Silver,2024-07-11
C1865,,29,Platinum,2022-11-23
C1866,F,31,Platinum,2023-05-12
C1867,M,47,Gold,2022-10-16
C1868,M,32,Gold,2022-03-12
C1869,M,35,Silver,2022-04-30
C1870,F,64,Silver,2022-03-29
C1871,M,25,Silver,2021-01-13
C1872,F,63,Gold,2022-09-01
C1873,F,31,,2024-08-20
C1874,F,22,Silver,2021-03-18
C1875,F,63,Platinum,2023-01-17
C1876,F,53,Silver,2023-12-18
C1877,F,64,Gold,2024-08-28
C1878,F,61,Gold,2021-06-06
C1879,F,36,Platinum,2023-08-18
C1880,M,56,,2023-06-29
C1881,F,62,Silver,2022-04-16
C1882,M,30,Gold,2022-07-04
C1883,F,43,,2024-12-23
C1884,F,50,Gold,2022-09-20
C1885,,47,Gold,2021-08-27
C1886,M,65,Silver,2023-05-29
C1887,F,55,Silver,2023-03-19
C1888,F,24,Gold,2022-05-15
C1889,,,Silver,2022-07-22
C1890,M,48,Gold,2024-09-05
C1891,F,18,Platinum,2023-05-22
C1892,F,51,Silver,2022-11-17
C1893,M,68,Silver,2022-08-14
C1894,M,58,Gold,2024-09-10
C1895,M,66,Silver,2021-12-05
C1896,M,,Platinum,2021-07-13
C1897,F,54,Platinum,2023-06-18
C1898,M,48,Silver,2023-03-12
C1899,F,43,Silver,2022-12-07
C1900,M,63,Platinum,2022-05-07
C1901,F,68,Gold,2024-11-09
C1902,F,20,Silver,2022-01-30
C1903,M,40,Platinum,2021-06-25
C1904,M,29,Platinum,2022-02-15
C1905,M,42,Gold,2022-08-26
C1906,F,48,Silver,2023-05-17
C1907,F,29,Gold,2024-05-10
C1908,F,19,Gold,2024-11-02
C1909,F,26,Platinum,2023-09-29
C1910,M,36,Silver,2022-06-15
C1911,F,31,,2021-04-28
C1912,F,20,Gold,2024-11-20
C1913,M,47,Platinum,2021-09-28
C1914,F,24,Platinum,2024-04-05
C1915,M,30,Silver,2023-07-19
C1916,M,44,Silver,2023-12-14
C1917,M,69,,2024-10-15
C1918,M,59,Gold,2023-07-21
C1919,F,67,Silver,2021-08-21
C1920,F,57,Silver,2021-10-19
C1921,F,61,Gold,2022-10-31
C1922,M,68,Silver,2022-01-06
C1923,F,59,Silver,2024-06-02
C1924,F,66,Gold,2021-05-23
C1925,F,,,2023-06-15
C1926,F,67,,2023-02-01
C1927,M,23,,2024-12-14
C1928,F,48,Platinum,2022-02-05
C1929,M,20,Silver,2023-08-30
C1930,F,66,Gold,2023-06-10
C1931,F,63,Gold,2022-11-26
C1932,F,55,Silver,2022-07-31
C1933,M,33,,2024-02-17
C1934,F,45,,2023-11-04
C1935,F,37,Silver,2024-07-08
C1936,M,63,Silver,2023-12-16
C1937,M,68,Silver,2021-11-13
C1938,F,150,Silver,2024-05-11
C1939,M,46,Silver,2023-10-17
C1940,M,62,,2022-10-02
C1941,F,24,Silver,2023-05-20
C1942,M,33,,2022-06-12
C1943,F,46,Silver,2022-10-12
C1944,F,63,Silver,2022-11-27
C1945,F,,Platinum,2024-01-16
C1946,,57,Gold,2021-10-14
C1947,M,55,Silver,2024-05-03
C1948,M,39,,2022-02-01
C1949,F,22,,2021-10-18
C1950,F,50,Silver,2023-09-04
C1951,F,,Platinum,2023-07-08
C1952,F,41,Silver,2022-07-31
C1953,M,46,,2022-07-26
C1954,F,46,Silver,2021-05-17
C1955,M,47,Silver,2024-02-08
C1956,M,58,Silver,2023-05-18
C1957,M,26,Silver,2024-06-07
C1958,F,21,Silver,2021-02-11
C1959,M,67,Gold,2024-07-15
C1960,F,31,Gold,2022-05-02
C1961,,41,Silver,2021-04-06
C1962,M,40,Silver,2022-04-17
C1963,F,27,Platinum,2021-02-15
C1964,F,29,Silver,2024-08-23
C1965,F,49,Silver,2023-12-21
C1966,F,26,Platinum,2023-07-31
C1967,M,58,,2023-12-06
C1968,M,29,Silver,2024-07-12
C1969,F,,,2024-11-25
C1970,M,58,Platinum,2024-03-31
C1971,,54,Silver,2024-10-23
C1972,M,33,,2022-11-15
C1973,F,47,Silver,2022-01-21
C1974,M,35,Silver,2021-12-31
C1975,M,32,,2021-03-16
C1976,F,43,Gold,2023-02-26
C1977,F,40,,2021-09-02
C1978,F,54,Gold,2023-02-22
C1979,M,36,Gold,2022-06-13
C1980,F,24,,2022-10-09
C1981,M,35,Gold,2023-10-02
C1982,F,48,Gold,2021-07-09
C1983,M,59,Silver,2021-03-08
C1984,F,62,Silver,2023-07-23
C1985,F,55,,2022-01-03
C1986,F,,,2023-04-12
C1987,F,59,Platinum,2023-10-08
C1988,F,60,Gold,2021-06-11
C1989,M,46,Platinum,2021-01-02
C1990,F,,,2022-04-16
C1991,F,56,Silver,2023-12-30
C1992,F,150,Silver,2021-04-17
C1993,M,34,Gold,2021-08-25
C1994,F,67,Gold,2022-08-18
C1995,M,28,Gold,2021-06-12
C1996,M,60,Silver,2022-12-30
C1997,M,24,Gold,2023-02-08
C1998,M,,Silver,2022-12-25
C1999,F,42,Gold,2021-01-29
C2000,M,20,Platinum,2023-09-25
C2001,F,39,Silver,2024-08-11
C2002,M,62,Silver,2023-04-09
C2003,M,50,Silver,2024-07-26
C2004,F,63,Gold,2023-02-12
C2005,M,49,Silver,2021-10-12
C2006,M,30,Gold,2024-08-04
C2007,M,18,Silver,2021-07-09
C2008,F,55,Silver,2022-05-13
C2009,M,53,Silver,2023-09-15
C2010,M,60,Gold,2021-10-14
C2011,F,54,Silver,2023-01-30
C2012,M,47,Silver,2021-08-02
C2013,M,37,,2023-11-14
C2014,M,65,Gold,2024-04-02
C2015,M,43,Gold,2024-04-02
C2016,M,37,Gold,2022-09-20
C2017,M,34,Platinum,2023-04-07
C2018,M,19,Silver,2021-10-14
C2019,F,23,Silver,2025-01-01
C2020,M,39,Platinum,2023-12-19
C2021,M,27,Platinum,2024-11-11
C2022,F,46,Silver,2023-12-21
C2023,F,22,,2023-01-25
C2024,M,28,Silver,2024-06-20
C2025,F,49,Silver,2021-04-14
C2026,M,150,,2021-03-21
C2027,M,49,Silver,2023-10-04
C2028,F,60,,2021-12-19
C2029,M,38,Gold,2022-09-18
C2030,F,62,,2021-06-21
C2031,F,60,Silver,2023-12-11
C2032,F,55,Gold,2021-01-08
C2033,F,32,Silver,2021-08-21
C2034,F,26,Silver,2024-09-06
C2035,F,54,Gold,2022-12-29
C2036,F,,Silver,2021-06-07
C2037,,31,Platinum,2022-11-18
C2038,F,52,Silver,2021-07-17
C2039,M,39,,2022-06-10
C2040,M,150,Gold,2022-07-26
C2041,M,32,Silver,2021-10-22
C2042,M,29,Gold,2024-11-06
C2043,M,43,,2022-03-01
C2044,M,49,Silver,2023-03-15
C2045,M,25,Silver,2021-01-01
C2046,M,57,Gold,2021-12-07
C2047,F,26,Silver,2021-07-03
C2048,M,23,Silver,2021-07-08
C2049,M,52,Gold,2023-04-11
C2050,M,65,Silver,2022-09-19
C2051,F,52,Silver,2024-06-27
C2052,M,47,Platinum,2023-05-15
C2053,M,60,Silver,2023-06-11
C2054,M,65,Platinum,2021-11-27
C2055,M,53,Gold,2023-04-16
C2056,F,68,Platinum,2023-03-17
C2057,M,48,,2023-08-17
C2058,M,23,Gold,2024-12-21
C2059,F,32,,2023-10-29
C2060,M,34,Gold,2022-07-03
C2061,F,58,Silver,2021-09-12
C2062,F,60,Silver,2021-03-26
C2063,F,36,Silver,2022-01-09
C2064,F,44,Silver,2023-04-02
C2065,M,21,Gold,2022-09-27
C2066,F,32,Gold,2021-05-16
C2067,M,67,Silver,2024-03-04
C2068,F,25,Silver,2023-04-10
C2069,F,22,Gold,2021-06-28
C2070,F,39,Silver,2024-06-28
C2071,M,19,Gold,2023-02-08
C2072,M,,Gold,2023-04-23
C2073,F,19,Silver,2023-05-02
C2074,M,150,Silver,2021-10-19
C2075,M,52,Silver,2021-06-07
C2076,F,25,Gold,2022-11-29
C2077,F,,Silver,2024-11-20
C2078,F,20,Gold,2022-12-14
C2079,M,,Platinum,2023-06-20
C2080,F,24,Platinum,2023-06-20
C2081,F,68,Silver,2024-12-25
C2082,M,69,Silver,2023-08-20
C2083,F,28,Silver,2023-10-08
C2084,M,63,Silver,2023-03-25
C2085,M,18,Platinum,2024-09-13
C2086,M,57,Silver,2021-01-01
C2087,F,50,Silver,2022-01-31
C2088,M,64,,2021-01-16
C2089,M,22,Silver,2023-03-17
C2090,F,41,Gold,2024-11-04
C2091,M,22,,2023-07-28
C2092,M,66,Silver,2021-09-05
C2093,F,31,Gold,2022-03-23
C2094,,36,Platinum,2023-07-01
C2095,F,,Gold,2021-05-31
C2096,F,23,Gold,2023-07-28
C2097,M,58,Silver,2023-04-12
C2098,F,29,Silver,2023-01-03
C2099,F,,Gold,2022-06-28
C2100,F,,Gold,2023-02-05
C2101,F,57,Gold,2022-10-30
C2102,F,66,,2024-12-11
C2103,M,39,Silver,2022-08-16
C2104,F,18,Silver,2024-09-03
C2105,,18,Silver,2022-05-15
C2106,M,,Silver,2023-06-11
C2107,M,35,Platinum,2021-03-06
C2108,M,46,Silver,2022-07-08
C2109,M,54,Gold,2023-05-18
C2110,F,45,Silver,2022-09-29
C2111,M,50,Gold,2023-12-14
C2112,,41,,2024-11-22
C2113,F,44,Gold,2024-09-29
C2114,M,40,Silver,2023-07-18
C2115,F,18,Platinum,2021-06-06
C2116,F,57,Silver,2023-09-28
C2117,F,,Silver,2021-06-30
C2118,M,150,Gold,2022-03-14
C2119,F,27,Platinum,2024-01-10
C2120,M,37,Silver,2021-02-08
C2121,M,45,Silver,2022-06-30
C2122,F,59,,2024-07-03
C2123,M,39,Silver,2024-12-14
C2124,M,34,Silver,2021-02-02
C2125,M,55,Silver,2023-02-07
C2126,M,49,Silver,2021-02-02
C2127,F,59,Silver,2024-03-18
C2128,M,54,Silver,2024-11-07
C2129,F,48,Silver,2021-06-14
C2130,F,57,Silver,2024-06-29
C2131,,,Silver,2021-06-15
C2132,F,26,Gold,2024-07-24
C2133,M,32,Silver,2024-09-07
C2134,M,58,Silver,2022-01-16
C2135,F,50,Silver,2021-05-10
C2136,F,39,,2023-06-07
C2137,,57,Silver,2023-08-06
C2138,M,59,,2021-03-05
C2139,F,19,Gold,2022-06-19
C2140,F,60,Gold,2024-09-18
C2141,F,65,Silver,2024-02-17
C2142,F,,,2024-08-24
C2143,F,52,Gold,2022-03-01
C2144,F,150,Silver,2022-11-20
C2145,M,36,Silver,2022-11-18
C2146,M,65,Silver,2023-11-29
C2147,M,27,Gold,2022-10-13
C2148,F,35,Silver,2022-10-24
C2149,M,23,Gold,2022-09-08
C2150,M,,Gold,2023-04-04
C2151,,38,,2023-03-21
C2152,M,64,Gold,2021-07-24
C2153,M,31,Platinum,2022-07-04
C2154,M,53,Silver,2021-01-06
C2155,M,57,,2024-03-22
C2156,M,54,Platinum,2021-10-01
C2157,M,35,Silver,2022-10-13
C2158,M,69,Gold,2021-04-07
C2159,M,54,Platinum,2023-10-19
C2160,,54,Silver,2022-05-27
C2161,M,31,Silver,2023-08-12
C2162,F,67,Platinum,2022-05-22
C2163,F,50,Silver,2022-05-29
C2164,F,,Silver,2022-06-01
C2165,F,42,Silver,2024-05-14
C2166,F,21,Gold,2021-05-17
C2167,F,56,Silver,2023-04-26
C2168,F,26,Gold,2022-09-25
C2169,F,41,Platinum,2021-11-28
C2170,,23,Platinum,2021-11-06
C2171,F,18,Silver,2024-02-29
C2172,M,28,Gold,2023-08-26
C2173,M,69,Silver,2022-04-27
C2174,F,28,Silver,2022-09-12
C2175,M,50,,2023-12-08
C2176,M,59,,2022-04-26
C2177,F,29,Silver,2021-10-07
C2178,M,42,Gold,2024-05-17
C2179,M,26,Gold,2024-05-15
C2180,M,150,Gold,2021-10-06
C2181,F,32,Gold,2023-04-04
C2182,F,67,Silver,2023-07-03
C2183,F,30,,2021-01-19
C2184,M,68,Silver,2021-08-14
C2185,F,67,Silver,2024-05-01
C2186,M,24,Silver,2021-01-15
C2187,F,62,Gold,2024-10-06
C2188,M,20,Silver,2024-12-11
C2189,F,66,Platinum,2021-05-30
C2190,M,36,Silver,2024-11-12
C2191,F,30,,2022-03-29
C2192,M,56,Silver,2023-12-17
C2193,M,47,Silver,2021-11-23
C2194,M,28,Platinum,2023-10-25
C2195,F,65,Silver,2023-03-16
C2196,F,30,Silver,2024-10-03
C2197,M,49,,2023-09-19
C2198,F,19,Gold,2022-01-31
C2199,F,54,Platinum,2022-07-18
C2200,M,33,Silver,2022-06-26
C2201,F,35,Gold,2021-02-04
C2202,M,24,Silver,2021-11-05
C2203,F,64,Silver,2023-10-17
C2204,M,46,Gold,2022-07-26
C2205,F,24,Silver,2021-04-26
C2206,F,67,Silver,2024-06-03
C2207,F,24,Silver,2022-04-24
C2208,F,53,Silver,2023-02-05
C2209,M,28,Gold,2022-02-12
C2210,M,38,,2023-05-20
C2211,F,22,Gold,2023-10-17
C2212,M,26,Silver,2024-08-12
C2213,M,,,2022-03-06
C2214,M,24,Gold,2022-05-05
C2215,F,32,Silver,2023-10-07
C2216,F,59,Silver,2023-11-04
C2217,M,30,Platinum,2021-05-21
C2218,F,,,2022-07-10
C2219,F,22,Silver,2021-04-27
C2220,M,42,Silver,2021-02-23
C2221,F,34,Platinum,2024-07-23
C2222,M,61,Platinum,2023-12-07
C2223,F,30,Silver,2024-06-22
C2224,M,21,Silver,2021-06-09
C2225,F,66,Silver,2024-03-29
C2226,,66,Silver,2021-01-25
C2227,F,33,Platinum,2024-08-20
C2228,F,57,Platinum,2023-12-01
C2229,M,21,Silver,2021-12-28
C2230,M,48,Silver,2023-11-16
C2231,F,32,Silver,2024-06-13
C2232,M,30,,2023-07-19
C2233,F,68,,2023-08-15
C2234,F,35,Silver,2022-03-24
C2235,F,39,Silver,2021-08-24
C2236,M,60,Silver,2024-11-26
C2237,M,66,Gold,2021-09-17
C2238,F,47,Gold,2022-07-26
C2239,F,37,Silver,2024-09-17
C2240,M,44,Gold,2022-01-17
C2241,,24,Silver,2021-08-17
C2242,F,18,Silver,2023-05-30
C2243,M,21,,2021-03-20
C2244,F,40,Platinum,2024-07-19
C2245,M,49,,2021-06-18
C2246,M,23,Gold,2023-09-19
C2247,F,39,Platinum,2023-02-14
C2248,F,19,Silver,2021-06-12
C2249,F,42,Gold,2024-08-07
C2250,F,39,Silver,2024-04-04
C2251,F,28,Silver,2021-07-02
C2252,F,45,,2023-05-21
C2253,F,34,,2021-08-22
C2254,F,45,Gold,2023-08-30
C2255,F,18,,2024-05-20
C2256,M,56,Platinum,2024-08-02
C2257,F,56,Gold,2021-01-28
C2258,M,29,Silver,2023-12-31
C2259,F,63,Silver,2022-12-28
C2260,F,60,Gold,2023-07-31
C2261,,18,Silver,2023-11-14
C2262,M,22,Silver,2021-03-31
C2263,F,19,Silver,2024-07-14
C2264,M,58,Silver,2024-09-13
C2265,F,35,Platinum,2022-03-25
C2266,F,51,Platinum,2024-03-20
C2267,M,66,Silver,2024-08-03
C2268,,31,Silver,2023-08-04
C2269,,50,Silver,2023-07-21
C2270,M,31,Silver,2024-02-12
C2271,F,54,Gold,2024-05-28
C2272,F,65,Silver,2021-08-24
C2273,M,61,Gold,2023-11-08
C2274,F,22,Silver,2021-07-03
C2275,F,,Platinum,2024-05-22
C2276,F,67,Gold,2023-09-03
C2277,,66,Silver,2024-05-29
C2278,F,66,Platinum,2024-01-03
C2279,M,38,Silver,2021-07-17
C2280,F,150,,2023-03-19
C2281,F,38,Silver,2023-07-24
C2282,F,57,Silver,2022-03-02
C2283,,40,Silver,2022-01-28
C2284,F,64,Silver,2021-11-10
C2285,F,50,Platinum,2021-09-28
C2286,M,53,Silver,2022-05-06
C2287,M,35,Silver,2021-07-25
C2288,F,36,Silver,2022-07-09
C2289,F,21,Gold,2021-12-03
C2290,M,67,Platinum,2022-08-20
C2291,F,57,Silver,2023-10-19
C2292,M,40,,2021-11-19
C2293,M,50,Silver,2022-04-22
C2294,M,58,Silver,2022-02-18
C2295,M,25,Silver,2021-11-10
C2296,F,64,,2022-10-22
C2297,M,51,Silver,2024-01-17
C2298,M,65,Silver,2023-01-16
C2299,F,61,Platinum,2024-10-07
C2300,M,47,Silver,2024-08-16
C2301,F,29,Silver,2021-07-16
C2302,,67,Silver,2022-01-14
C2303,F,37,Silver,2023-09-21
C2304,M,59,Silver,2022-11-07
C2305,F,46,Gold,2023-03-30
C2306,M,56,Gold,2024-10-30
C2307,F,21,,2021-10-22
C2308,M,29,,2021-03-26
C2309,M,63,Gold,2023-05-17
C2310,F,63,Silver,2021-06-24
C2311,M,31,Gold,2021-11-17
C2312,F,58,Silver,2024-03-23
C2313,F,49,Silver,2023-06-16
C2314,F,27,Gold,2023-07-22
C2315,M,41,,2023-11-14
C2316,F,19,Gold,2023-01-28
C2317,M,20,Silver,2022-02-07
C2318,,150,Gold,2023-12-26
C2319,M,38,,2024-08-16
C2320,M,34,Silver,2024-05-20
C2321,M,40,Silver,2023-07-28
C2322,M,58,,2022-07-15
C2323,F,29,,2024-08-03
C2324,F,45,Silver,2024-07-30
C2325,F,34,Silver,2021-09-05
C2326,F,69,Silver,2023-05-26
C2327,F,60,Silver,2023-07-12
C2328,F,33,Silver,2022-04-14
C2329,F,48,Gold,2021-12-17
C2330,M,40,Silver,2022-10-30
C2331,F,57,Silver,2022-01-02
C2332,M,67,Gold,2023-03-11
C2333,F,25,Gold,2022-09-27
C2334,,51,Platinum,2022-10-27
C2335,F,62,Silver,2023-07-02
C2336,M,51,Silver,2023-06-09
C2337,F,37,,2022-09-12
C2338,M,24,Silver,2023-01-02
C2339,,51,,2022-06-20
C2340,,60,,2022-03-04
C2341,,68,,2024-05-02
C2342,F,43,Silver,2021-03-05
C2343,M,28,,2021-10-30
C2344,F,19,Gold,2024-12-01
C2345,M,57,,2021-10-09
C2346,F,46,Silver,2021-05-11
C2347,F,33,Silver,2023-10-11
C2348,M,,,2023-01-28
C2349,F,24,Silver,2024-09-16
C2350,F,41,Silver,2023-11-23
C2351,F,55,Silver,2023-01-13
C2352,,,Gold,2021-10-15
C2353,,19,Silver,2023-11-24
C2354,F,47,,2024-08-19
C2355,M,29,Gold,2023-01-09
C2356,M,44,,2021-08-17
C2357,F,64,Silver,2024-05-04
C2358,F,50,,2021-04-04
C2359,,66,Gold,2022-07-02
C2360,M,36,Silver,2021-04-09
C2361,F,52,Platinum,2024-11-11
C2362,M,,Silver,2022-02-04
C2363,F,21,,2024-04-08
C2364,M,61,Silver,2021-09-27
C2365,F,59,Silver,2023-04-07
C2366,,,,2023-10-04
C2367,M,40,Silver,2022-01-24
C2368,F,54,Gold,2023-07-15
C2369,F,41,Silver,2021-08-12
C2370,M,43,Silver,2022-11-19
C2371,M,59,Platinum,2024-07-28
C2372,M,36,Platinum,2024-04-19
C2373,M,39,Gold,2023-06-30
C2374,M,20,,2023-10-07
C2375,,53,Gold,2023-10-22
C2376,M,56,,2022-08-19
C2377,M,30,Platinum,2021-06-24
C2378,M,35,Silver,2021-08-19
C2379,,23,Gold,2024-12-06
C2380,,33,Silver,2023-11-03
C2381,F,67,Silver,2023-06-08
C2382,M,36,Gold,2023-04-06
C2383,M,61,Gold,2021-10-20
C2384,M,32,Silver,2023-05-30
C2385,F,55,Silver,2023-12-18
C2386,M,19,,2021-04-02
C2387,M,31,,2021-02-21
C2388,F,50,Silver,2023-04-21
C2389,F,54,Gold,2024-10-12
C2390,M,26,Gold,2023-04-12
C2391,F,40,Silver,2022-03-24
C2392,M,31,Silver,2024-04-20
C2393,,68,Gold,2021-04-04
C2394,,56,Silver,2024-06-09
C2395,M,22,Silver,2023-09-29
C2396,M,18,,2022-11-09
C2397,M,63,Silver,2021-06-23
C2398,F,52,Silver,2023-10-04
C2399,F,57,Silver,2024-08-01
C2400,F,25,Silver,2023-04-05
C2401,F,33,Gold,2022-08-03
C2402,M,27,Silver,2022-05-08
C2403,M,42,Silver,2024-12-28
C2404,F,47,Gold,2024-11-17
C2405,M,52,Silver,2024-05-15
C2406,M,46,Platinum,2022-03-09
C2407,,66,Platinum,2024-05-23
C2408,F,26,Platinum,2023-11-02
C2409,M,60,Silver,2022-07-24
C2410,M,62,Silver,2024-12-16
C2411,F,40,Platinum,2021-01-20
C2412,F,25,Silver,2023-09-12
C2413,,53,Silver,2024-06-03
C2414,F,67,Silver,2024-08-10
C2415,M,44,Gold,2021-12-14
C2416,M,66,,2024-07-31
C2417,F,35,Platinum,2023-10-07
C2418,M,21,Silver,2021-07-24
C2419,M,30,Silver,2024-03-01
C2420,F,48,Gold,2022-05-18
C2421,F,56,Gold,2021-05-25
C2422,F,38,,2024-12-03
C2423,F,50,Gold,2022-04-28
C2424,F,66,Silver,2021-11-24
C2425,F,42,Gold,2021-01-27
C2426,F,29,Silver,2021-06-18
C2427,,33,Silver,2023-12-29
C2428,M,25,Silver,2021-09-25
C2429,F,35,Gold,2023-11-14
C2430,F,29,Gold,2023-06-03
C2431,F,38,Gold,2022-09-06
C2432,M,40,Gold,2023-11-22
C2433,F,31,Gold,2024-12-09
C2434,F,25,Silver,2022-12-13
C2435,F,60,Silver,2023-07-31
C2436,M,66,Silver,2023-05-24
C2437,M,47,Silver,2022-09-01
C2438,F,66,Silver,2021-04-07
C2439,M,40,Silver,2022-01-05
C2440,F,58,Platinum,2023-02-23
C2441,F,58,Gold,2023-05-13
C2442,M,57,Silver,2024-08-07
C2443,F,57,Silver,2024-01-10
C2444,M,44,Silver,2023-10-18
C2445,F,20,Silver,2021-04-12
C2446,M,31,Platinum,2021-11-15
C2447,M,47,,2022-08-12
C2448,F,58,Silver,2023-05-27
C2449,M,46,Silver,2023-04-07
C2450,M,19,Gold,2022-03-12
C2451,M,18,Platinum,2024-02-24
C2452,M,34,Silver,2021-12-16
C2453,M,41,Silver,2021-06-12
C2454,M,48,Platinum,2022-12-25
C2455,M,67,Silver,2022-05-29
C2456,F,26,Silver,2021-03-19
C2457,F,28,Silver,2024-04-16
C2458,F,35,Silver,2023-06-25
C2459,,40,,2024-05-14
C2460,F,51,Gold,2021-02-12
C2461,F,26,Silver,2024-06-19
C2462,M,38,Platinum,2021-07-24
C2463,M,26,Gold,2024-03-01
C2464,M,35,Silver,2022-01-04
C2465,F,34,Silver,2022-10-29
C2466,M,39,Gold,2022-05-27
C2467,M,,,2023-11-23
C2468,F,53,Gold,2023-09-04
C2469,M,31,Silver,2023-09-10
C2470,F,54,,2022-02-07
C2471,F,36,Silver,2021-03-18
C2472,F,65,Gold,2021-05-01
C2473,F,51,Gold,2024-05-22
C2474,M,37,Platinum,2022-06-01
C2475,F,24,Silver,2023-08-07
C2476,M,36,,2024-01-25
C2477,F,26,Silver,2022-10-10
C2478,M,26,Gold,2024-02-07
C2479,,42,,2021-03-05
C2480,M,44,Silver,2021-11-17
C2481,F,55,,2021-06-25
C2482,M,27,Gold,2024-05-28
C2483,F,34,Silver,2022-03-21
C2484,M,58,,2024-06-23
C2485,F,47,Silver,2023-09-22
C2486,F,19,Silver,2024-01-06
C2487,F,37,Silver,2021-05-06
C2488,M,67,Silver,2022-01-08
C2489,F,19,Gold,2024-06-10
C2490,M,26,,2023-05-20
C2491,M,47,Silver,2021-11-01
C2492,M,66,Silver,2021-01-15
C2493,F,56,Gold,2021-01-16
C2494,M,59,Gold,2024-01-25
C2495,M,26,Silver,2023-04-21
C2496,M,25,Silver,2023-03-24
C2497,M,56,,2021-01-04
C2498,F,63,Gold,2021-11-21
C2499,M,61,Silver,2021-07-23
C2500,M,23,Platinum,2024-02-25
C2501,M,61,,2024-09-29
C2502,M,58,Gold,2023-08-12
C2503,F,54,Platinum,2021-06-23
C2504,M,61,Gold,2024-11-22
C2505,M,62,Gold,2022-08-20
C2506,F,56,Gold,2024-11-15
C2507,M,35,Silver,2022-08-22
C2508,M,42,,2022-04-04
C2509,F,62,Gold,2021-11-28
C2510,F,53,Platinum,2022-04-18
C2511,F,21,Silver,2023-05-24
C2512,M,37,Gold,2024-01-27
C2513,F,68,Gold,2024-05-13
C2514,F,46,,2024-07-18
C2515,M,21,Gold,2024-01-30
C2516,F,65,Platinum,2024-10-15
C2517,M,65,Silver,2023-05-20
C2518,,64,,2021-05-17
C2519,F,54,,2023-05-12
C2520,F,51,Silver,2024-12-04
C2521,,35,Silver,2024-03-04
C2522,F,20,Silver,2021-01-05
C2523,M,33,Platinum,2022-08-30
C2524,F,25,Gold,2021-01-11
C2525,,49,Silver,2021-09-24
C2526,F,37,,2022-03-13
C2527,F,65,Silver,2023-10-11
C2528,M,26,Silver,2022-07-28
C2529,F,57,Gold,2022-05-22
C2530,F,65,Silver,2023-01-13
C2531,F,63,Silver,2022-12-29
C2532,F,19,Silver,2024-05-31
C2533,M,,,2023-05-25
C2534,M,150,Gold,2022-02-05
C2535,F,18,Silver,2024-04-11
C2536,M,61,,2021-06-14
C2537,M,65,Silver,2021-11-04
C2538,,64,Silver,2024-12-25
C2539,F,22,Gold,2022-07-27
C2540,F,29,,2022-11-23
C2541,M,34,Platinum,2024-03-13
C2542,M,58,Silver,2022-09-18
C2543,M,42,Silver,2022-06-17
C2544,F,22,Silver,2022-04-13
C2545,F,35,Silver,2022-10-20
C2546,M,51,Silver,2023-03-23
C2547,F,20,Silver,2022-05-29
C2548,F,45,,2021-01-24
C2549,F,56,Silver,2024-06-24
C2550,F,45,Silver,2022-12-07
C2551,F,20,Silver,2024-08-23
C2552,F,21,Silver,2023-03-31
C2553,M,60,,2024-12-11
C2554,F,56,Silver,2024-10-02
C2555,M,67,Gold,2021-08-19
C2556,M,64,Gold,2024-08-18
C2557,M,38,Platinum,2024-08-18
C2558,F,20,Platinum,2022-03-25
C2559,M,39,Silver,2021-11-12
C2560,F,54,Silver,2024-09-20
C2561,M,40,,2021-09-29
C2562,M,68,Gold,2021-07-02
C2563,F,20,,2024-09-29
C2564,F,56,Gold,2024-06-18
C2565,,27,Silver,2021-12-01
C2566,M,58,Gold,2023-10-29
C2567,,33,Gold,2024-02-09
C2568,,46,Gold,2024-05-24
C2569,F,19,Silver,2021-11-27
C2570,M,42,Silver,2021-10-19
C2571,M,18,Platinum,2021-08-17
C2572,M,48,Gold,2021-12-22
C2573,F,69,Gold,2023-06-24
C2574,F,,Silver,2024-07-29
C2575,F,40,Silver,2023-07-12
C2576,M,55,Silver,2023-06-25
C2577,M,52,Silver,2024-03-10
C2578,,58,Gold,2022-09-14
C2579,M,55,Gold,2021-07-02
C2580,M,,Silver,2024-04-20
C2581,M,50,Silver,2023-03-24
C2582,M,53,Silver,2023-05-20
C2583,F,41,Platinum,2022-06-06
C2584,M,66,Silver,2023-12-24
C2585,F,28,Silver,2021-08-03
C2586,F,40,Silver,2024-07-18
C2587,M,29,Platinum,2021-07-27
C2588,M,36,Silver,2023-12-01
C2589,M,18,Gold,2021-03-24
C2590,F,63,,2022-02-22
C2591,F,,Gold,2022-09-15
C2592,M,27,Silver,2022-01-06
C2593,F,61,Platinum,2024-01-12
C2594,,50,Gold,2021-01-20
C2595,M,68,Silver,2023-12-02
C2596,F,49,Silver,2024-05-16
C2597,F,32,Platinum,2021-07-05
C2598,,50,Silver,2024-11-01
C2599,M,69,Silver,2023-03-19
C2600,F,22,Gold,2021-08-21
C2601,F,24,Silver,2024-07-31
C2602,M,45,Gold,2024-07-27
C2603,M,18,Platinum,2023-03-14
C2604,F,26,Platinum,2022-10-24
C2605,M,69,Platinum,2021-01-10
C2606,F,41,Platinum,2023-04-13
C2607,F,31,,2024-08-19
C2608,F,42,Silver,2023-08-09
C2609,M,64,Gold,2021-02-07
C2610,F,52,Silver,2024-06-26
C2611,F,52,Silver,2023-12-10
C2612,F,65,Platinum,2024-11-10
C2613,M,67,,2024-06-13
C2614,F,49,,2022-06-23
C2615,F,65,Silver,2022-12-31
C2616,M,32,,2021-03-04
C2617,F,58,Silver,2023-10-17
C2618,M,68,Silver,2022-03-13
C2619,F,26,Gold,2024-12-30
C2620,F,44,Platinum,2024-02-27
C2621,M,24,Silver,2022-06-13
C2622,M,60,Silver,2024-01-13
C2623,F,44,Silver,2024-05-22
C2624,F,40,Silver,2024-10-01
C2625,F,37,Platinum,2024-01-24
C2626,M,58,Silver,2021-06-23
C2627,M,20,Silver,2024-07-02
C2628,F,150,Gold,2024-01-21
C2629,M,54,Gold,2023-05-24
C2630,,36,,2022-04-11
C2631,,52,Gold,2021-02-26
C2632,F,26,,2023-11-28
C2633,M,64,Silver,2023-05-07
C2634,M,48,Silver,2024-05-12
C2635,M,35,,2022-03-25
C2636,M,150,Silver,2024-06-22
C2637,F,43,Gold,2021-01-27
C2638,F,60,Gold,2022-03-02
C2639,,50,,2022-03-16
C2640,F,50,Platinum,2024-11-15
C2641,,58,Gold,2021-08-19
C2642,F,18,Silver,2024-06-13
C2643,F,19,Silver,2023-06-17
C2644,M,33,,2021-11-02
C2645,M,23,Silver,2024-03-03
C2646,M,28,Silver,2021-07-08
C2647,F,60,Silver,2022-06-18
C2648,F,19,Silver,2024-07-09
C2649,M,63,Silver,2023-05-26
C2650,F,29,Gold,2022-03-11
C2651,F,33,Silver,2022-01-05
C2652,M,67,,2024-06-02
C2653,M,22,Silver,2021-11-05
C2654,,69,Platinum,2022-07-19
C2655,F,46,,2021-05-23
C2656,M,52,Platinum,2021-10-24
C2657,F,42,Gold,2024-04-25
C2658,F,20,,2023-08-26
C2659,F,,Platinum,2022-02-26
C2660,F,27,Silver,2021-03-01
C2661,M,33,Gold,2021-05-05
C2662,M,19,,2021-02-20
C2663,M,62,,2022-12-19
C2664,M,66,Silver,2024-06-29
C2665,F,18,Silver,2023-12-24
C2666,F,21,Silver,2022-02-05
C2667,M,68,Silver,2024-08-27
C2668,F,66,Platinum,2021-01-17
C2669,F,50,Silver,2022-05-18
C2670,F,59,Platinum,2022-08-08
C2671,F,63,Silver,2022-11-07
C2672,M,28,Platinum,2021-01-05
C2673,F,60,Silver,2022-11-17
C2674,F,57,Silver,2023-10-09
C2675,F,34,Silver,2023-09-05
C2676,M,25,,2022-01-26
C2677,M,29,Silver,2024-06-16
C2678,F,53,Silver,2022-06-28
C2679,M,26,Silver,2021-10-18
C2680,M,21,Silver,2023-04-01
C2681,M,150,Silver,2024-05-23
C2682,,67,Gold,2024-02-02
C2683,F,35,,2024-08-05
C2684,M,57,Gold,2024-06-08
C2685,M,55,Gold,2024-09-25
C2686,M,33,Silver,2023-11-02
C2687,F,47,Silver,2024-01-12
C2688,M,19,Gold,2022-08-17
C2689,M,150,,2023-01-01
C2690,M,44,,2021-04-22
C2691,M,43,,2021-09-20
C2692,M,40,Gold,2021-11-08
C2693,M,61,,2024-12-11
C2694,F,19,Gold,2024-01-15
C2695,M,37,Silver,2022-11-21
C2696,F,20,Gold,2023-10-24
C2697,M,46,Silver,2024-12-08
C2698,M,,Silver,2021-12-21
C2699,,49,Silver,2023-09-17
C2700,M,56,Gold,2024-04-09
C2701,M,59,,2022-11-06
C2702,F,21,,2023-02-05
C2703,M,66,Gold,2024-09-27
C2704,F,57,Gold,2024-05-31
C2705,M,48,Silver,2021-02-21
C2706,F,43,Silver,2023-09-27
C2707,M,21,Gold,2024-08-14
C2708,M,53,Platinum,2024-03-04
C2709,F,54,,2024-09-02
C2710,M,65,,2022-12-10
C2711,M,32,Gold,2021-10-22
C2712,M,63,Silver,2023-02-16
C2713,M,68,,2022-07-16
C2714,,32,,2023-07-11
C2715,F,46,Gold,2023-06-03
C2716,F,62,,2023-12-14
C2717,M,48,,2021-05-06
C2718,F,40,,2024-03-13
C2719,F,20,Gold,2024-01-08
C2720,M,29,Silver,2022-10-16
C2721,M,51,Platinum,2023-08-11
C2722,M,150,Silver,2023-10-22
C2723,M,39,Silver,2022-01-22
C2724,F,34,,2024-06-05
C2725,,37,Gold,2024-11-10
C2726,M,56,,2021-09-20
C2727,M,62,Gold,2021-02-12
C2728,F,38,Silver,2021-04-03
C2729,F,50,Silver,2021-04-13
C2730,F,42,Silver,2022-04-26
C2731,F,50,Platinum,2024-02-18
C2732,F,59,Silver,2022-03-24
C2733,F,62,Silver,2024-01-28
C2734,F,65,Silver,2021-04-15
C2735,F,55,Gold,2023-08-20
C2736,M,66,Silver,2021-06-15
C2737,F,52,Silver,2021-07-20
C2738,F,19,Silver,2024-02-23
C2739,F,52,Gold,2024-12-24
C2740,M,43,Gold,2024-08-25
C2741,F,64,Silver,2022-06-28
C2742,,25,Platinum,2021-11-19
C2743,M,22,,2024-03-14
C2744,M,18,Gold,2021-11-14
C2745,F,54,Silver,2023-05-25
C2746,F,66,Silver,2024-04-08
C2747,F,60,Silver,2024-07-20
C2748,M,46,Silver,2023-07-06
C2749,F,22,,2023-02-06
C2750,F,27,Silver,2024-05-30
C2751,F,55,Silver,2021-08-18
C2752,M,49,Silver,2021-08-30
C2753,F,68,Silver,2021-06-19
C2754,F,49,Silver,2021-02-09
C2755,M,54,Gold,2024-11-03
C2756,F,33,Silver,2021-11-05
C2757,F,,Silver,2021-05-17
C2758,M,66,Silver,2023-01-20
C2759,F,35,Silver,2024-09-08
C2760,M,58,Silver,2024-03-29
C2761,M,63,,2022-04-21
C2762,M,46,Silver,2022-10-24
C2763,,69,Silver,2024-08-29
C2764,M,23,Gold,2024-06-29
C2765,F,24,Silver,2023-07-25
C2766,M,33,Silver,2024-07-03
C2767,F,53,Silver,2024-04-15
C2768,F,39,Gold,2024-07-08
C2769,M,67,Gold,2022-05-27
C2770,F,53,Silver,2022-06-05
C2771,M,64,Gold,2022-11-05
C2772,M,45,Silver,2024-11-17
C2773,F,49,,2021-12-30
C2774,M,52,Silver,2022-08-11
C2775,,58,Silver,2021-11-12
C2776,F,66,Silver,2023-04-15
C2777,F,25,Silver,2022-09-25
C2778,F,58,Silver,2023-08-06
C2779,F,48,Silver,2024-04-27
C2780,M,21,Silver,2022-03-17
C2781,F,63,Gold,2024-12-13
C2782,F,20,Gold,2022-10-21
C2783,M,68,Silver,2021-04-05
C2784,F,64,Platinum,2024-08-05
C2785,F,30,Silver,2022-08-14
C2786,M,38,Silver,2022-03-11
C2787,F,55,Gold,2022-10-17
C2788,F,27,,2024-08-05
C2789,M,21,,2024-11-21
C2790,F,46,Gold,2021-02-18
C2791,F,38,Platinum,2024-03-01
C2792,M,66,Gold,2022-05-07
C2793,F,30,Silver,2021-05-30
C2794,F,29,,2021-12-12
C2795,M,24,Silver,2024-08-15
C2796,M,26,,2022-03-31
C2797,M,57,Silver,2022-07-17
C2798,,54,Silver,2021-05-17
C2799,F,44,Silver,2024-06-07
